site,city
安国市,保定市
博野县,保定市
定兴县,保定市
阜平县,保定市
高碑店市,保定市
高阳县,保定市
竞秀区,保定市
涞水县,保定市
涞源县,保定市
蠡县,保定市
莲池区,保定市
满城区,保定市
清苑区,保定市
曲阳县,保定市
顺平县,保定市
唐县(保定),保定市
望都县,保定市
徐水区,保定市
易县,保定市
涿州市,保定市
沧县,沧州市
东光县,沧州市
海兴县,沧州市
河间市,沧州市
黄骅市,沧州市
孟村回族自治县,沧州市
南皮县,沧州市
泊头市,沧州市
青县,沧州市
任丘市,沧州市
肃宁县,沧州市
吴桥县,沧州市
献县,沧州市
新华区(沧州),沧州市
盐山县,沧州市
运河区,沧州市
承德县,承德市
丰宁满族自治县,承德市
宽城满族自治县,承德市
隆化县,承德市
滦平县,承德市
平泉市,承德市
双滦区,承德市
双桥区,承德市
围场满族蒙古族自治县,承德市
兴隆县,承德市
鹰手营子矿区,承德市
成安县,邯郸市
磁县,邯郸市
丛台区,邯郸市
大名县,邯郸市
肥乡区,邯郸市
峰峰矿区,邯郸市
复兴区,邯郸市
馆陶县,邯郸市
广平县,邯郸市
邯山区,邯郸市
鸡泽县,邯郸市
临漳县,邯郸市
邱县,邯郸市
曲周县,邯郸市
涉县,邯郸市
魏县,邯郸市
武安市,邯郸市
永年区,邯郸市
定州市,河北
辛集市,河北
安平县,衡水市
阜城县,衡水市
故城县,衡水市
冀州区,衡水市
景县,衡水市
饶阳县,衡水市
深州市,衡水市
桃城区,衡水市
武强县,衡水市
武邑县,衡水市
枣强县,衡水市
安次区,廊坊市
霸州市,廊坊市
大厂回族自治县,廊坊市
大城县,廊坊市
固安县,廊坊市
广阳区,廊坊市
三河市,廊坊市
文安县,廊坊市
香河县,廊坊市
永清县,廊坊市
北戴河区,秦皇岛市
昌黎县,秦皇岛市
抚宁区,秦皇岛市
海港区,秦皇岛市
卢龙县,秦皇岛市
青龙满族自治县,秦皇岛市
山海关区,秦皇岛市
高邑县,石家庄市
藁城区,石家庄市
行唐县,石家庄市
晋州市,石家庄市
井陉矿区,石家庄市
井陉县,石家庄市
灵寿县,石家庄市
鹿泉区,石家庄市
栾城区,石家庄市
平山县,石家庄市
桥西区(石家庄),石家庄市
深泽县,石家庄市
无极县,石家庄市
新华区(石家庄),石家庄市
新乐市,石家庄市
裕华区,石家庄市
元氏县,石家庄市
赞皇县,石家庄市
长安区,石家庄市
赵县,石家庄市
正定县,石家庄市
曹妃甸区,唐山市
丰南区,唐山市
丰润区,唐山市
古冶区,唐山市
开平区,唐山市
乐亭县,唐山市
路北区,唐山市
路南区,唐山市
滦南县,唐山市
滦州市,唐山市
迁安市,唐山市
迁西县,唐山市
玉田县,唐山市
遵化市,唐山市
柏乡县,邢台市
广宗县,邢台市
巨鹿县,邢台市
临城县,邢台市
临西县,邢台市
隆尧县,邢台市
南宫市,邢台市
南和区,邢台市
内丘县,邢台市
宁晋县,邢台市
平乡县,邢台市
清河县,邢台市
任泽区,邢台市
沙河市,邢台市
威县,邢台市
襄都区,邢台市
新河县,邢台市
信都区,邢台市
安新县,雄安新区
容城县,雄安新区
雄县,雄安新区
赤城县,张家口市
崇礼区,张家口市
沽源县,张家口市
怀安县,张家口市
怀来县,张家口市
康保县,张家口市
桥东区,张家口市
桥西区(张家口),张家口市
尚义县,张家口市
万全区,张家口市
蔚县,张家口市
下花园区,张家口市
宣化区,张家口市
阳原县,张家口市
张北县,张家口市
涿鹿县,张家口市
