标准号,标准名称,标准实施时间,下载链接
HJ 633—2012,环境空气质量指数（AQI）技术规定（试行）,2016/1/1,https://www.mee.gov.cn/ywgz/fgbz/bz/bzwb/jcffbz/201203/W020120410332725219541.pdf
GB 3095—2012代替GB 3095—1996 GB 9137—88,环境空气质量标准,2016/1/1,https://www.mee.gov.cn/ywgz/fgbz/bz/bzwb/dqhjbh/dqhjzlbz/201203/W020120410330232398521.pdf
HJ 664—2013,环境空气质量监测点位布设技术规范（试行）,2013/10/1,https://www.mee.gov.cn/ywgz/fgbz/bz/bzwb/jcffbz/201309/W020131105548727856307.pdf
HJ 663—2013,环境空气质量评价技术规范（试行）,2013/10/1,https://www.mee.gov.cn/ywgz/fgbz/bz/bzwb/jcffbz/201309/W020131105548549111863.pdf
,环境空气细颗粒物污染综合防治技术政策,2013/9/25,https://www.mee.gov.cn/ywgz/fgbz/bz/bzwb/wrfzjszc/201309/t20130925_260827.shtml
HJ 2000-2010,大气污染治理工程技术导则,2011/3/1,https://www.mee.gov.cn/ywgz/fgbz/bz/bzwb/other/hjbhgc/201012/W020130206501297273898.pdf
HJ 2301-2017,火电厂污染防治可行技术指南,2017/6/1,https://www.mee.gov.cn/ywgz/fgbz/bz/bzwb/wrfzjszc/201706/W020170609556701647383.pdf
GB 20952—2020代替GB 20952—2007,加油站大气污染物排放标准,2021/4/1,https://www.mee.gov.cn/ywgz/fgbz/bz/bzwb/dqhjbh/dqgdwrywrwpfbz/202012/W020201231410605028929.pdf
HJ 2305—2018,玻璃制造业污染防治可行技术指南,2019/3/1,https://www.mee.gov.cn/ywgz/fgbz/bz/bzwb/wrfzjszc/201901/W020190104326407479445.pdf
HJ 1100-2020,环境空气中颗粒物（PM10和 PM2.5）β射线法自动监测技术指南,2020/4/12,https://www.mee.gov.cn/ywgz/fgbz/bz/bzwb/other/qt/202002/W020200218580781246278.pdf
HJ 1044-2019,环境空气 二氧化硫的自动测定 紫外荧光法,2020/4/24,https://www.mee.gov.cn/ywgz/fgbz/bz/bzwb/jcffbz/201911/W020191104353694400417.pdf
HJ 1043-2019,环境空气 氮氧化物的自动测定 化学发光法,2020/4/24,https://www.mee.gov.cn/ywgz/fgbz/bz/bzwb/jcffbz/201911/W020191104352508999799.pdf
HJ 818-2018部分代替 HJ/T 193-2005,环境空气气态污染物（SO2、NO2、O3、CO）连续自动监测系统运行和质控技术规范,2018/9/1,https://www.mee.gov.cn/ywgz/fgbz/bz/bzwb/jcffbz/201808/W020180815358674459089.pdf
HJ 817-2018部分代替 HJ/T 193-2005,环境空气颗粒物（PM10 和 PM2.5）连续自动监测系统运行和质控技术规范,2018/9/1,https://www.mee.gov.cn/ywgz/fgbz/bz/bzwb/jcffbz/201808/W020180815358016693515.pdf
